Date,Open,High,Low,Close,Adj Close,Volume
8-Jan-25,958,962.1,937,940.25,940.25,"135,468"
7-Jan-25,957.95,967.5,943,957.75,957.75,"267,665"
6-Jan-25,"1,000.65","1,003.90",950.15,955.2,955.2,"346,110"
3-Jan-25,"1,013.70","1,016.95",988,992.75,992.75,"164,252"
2-Jan-25,"1,015.95","1,050.10","1,003.00","1,009.45","1,009.45","723,479"
1-Jan-25,975,"1,022.00",973.55,"1,014.70","1,014.70","465,915"
31-Dec-24,986,992.55,952.95,974.2,974.2,"501,806"
30-Dec-24,989.1,997.45,977.55,981.2,981.2,"305,276"
27-Dec-24,985,"1,020.00",955.7,989.1,989.1,"995,193"
26-Dec-24,981,987.55,961,975.2,975.2,"192,015"
24-Dec-24,965.95,985,950.35,980.3,980.3,"282,715"
23-Dec-24,980,992.45,926,961.85,961.85,"653,105"
20-Dec-24,"1,004.10","1,010.35",968.15,976.7,976.7,"359,199"
19-Dec-24,989.95,"1,020.45",982.1,"1,007.55","1,007.55","340,987"
18-Dec-24,"1,001.00","1,012.00",981.3,"1,001.00","1,001.00","366,651"
17-Dec-24,976.5,"1,007.80",968.55,996.75,996.75,"750,547"
16-Dec-24,"1,007.55","1,044.90",971,975.95,975.95,"1,326,353"
13-Dec-24,"1,009.65","1,052.45",959.25,"1,007.55","1,007.55","4,105,622"
12-Dec-24,927.1,"1,045.00",927.1,"1,017.00","1,017.00","6,402,769"
11-Dec-24,923.8,939.9,913.55,927.1,927.1,"406,059"
10-Dec-24,935.05,939,905.55,921.8,921.8,"453,709"
9-Dec-24,898,972,890.65,928.55,928.55,"2,063,359"
6-Dec-24,895.9,910.85,892.1,898,898,"586,144"
5-Dec-24,899.5,907.5,886.6,893.75,893.75,"138,915"
4-Dec-24,889.95,919,889.1,892.85,892.85,"610,891"
3-Dec-24,887.4,901.6,877,889.9,889.9,"336,402"
2-Dec-24,890,898.15,877.2,878.6,878.6,"223,707"
29-Nov-24,891.5,914,885.5,890.1,890.1,"133,397"
28-Nov-24,884.55,910.95,878.5,893.4,893.4,"226,784"
27-Nov-24,899.85,903,876,878.7,878.7,"87,260"
26-Nov-24,895.15,899.2,876.55,892.05,892.05,"138,508"
25-Nov-24,847.35,927,847.35,897.6,897.6,"2,441,698"
22-Nov-24,837,851.2,834.5,842.1,842.1,"103,442"
21-Nov-24,838.9,846.45,832.15,842.1,842.1,"56,681"
19-Nov-24,838,858,831.95,838.9,838.9,"99,639"
18-Nov-24,841.4,855.2,831.05,844.25,844.25,"76,102"
14-Nov-24,814,866,810.8,844.15,844.15,"86,110"
13-Nov-24,851.2,858,813,818.55,818.55,"166,205"
12-Nov-24,875,886.45,855.5,858.6,858.6,"117,135"
11-Nov-24,892.05,947,871.55,885.85,885.85,"877,793"
8-Nov-24,884.95,908,876.5,892.05,892.05,"326,398"
7-Nov-24,878,884.8,868,881.2,881.2,"48,224"
6-Nov-24,861.65,884.55,860,873.2,873.2,"115,529"
5-Nov-24,861,879,848.1,861.65,861.65,"94,439"
4-Nov-24,895.4,899.2,856,866.95,866.95,"85,796"
1-Nov-24,905,907.85,880,895.4,895.4,"69,996"
31-Oct-24,838.45,909.7,836.6,870.9,870.9,"968,740"
30-Oct-24,827.95,845,825.5,840.45,840.45,"101,986"
29-Oct-24,846.35,848,821,831.1,831.1,"90,687"
28-Oct-24,845.2,863.05,820,833.75,833.75,"256,796"
25-Oct-24,827,898,803.4,844.65,844.65,"2,752,083"
24-Oct-24,840.5,864.4,830,836.45,836.45,"125,979"
23-Oct-24,855.05,856.25,821,836.35,836.35,"164,470"
22-Oct-24,866.7,888.9,832,855.05,855.05,"228,908"
21-Oct-24,873.55,877.95,862.1,866.55,866.55,"39,330"
18-Oct-24,861,879.95,839.95,873.25,873.25,"89,355"
17-Oct-24,888.8,894.9,859,862.8,862.8,"84,095"
16-Oct-24,899.4,899.8,881.05,888.8,888.8,"52,393"
15-Oct-24,887.45,909,883.6,899.8,899.8,"237,948"
14-Oct-24,890,904,878.35,887.1,887.1,"64,618"
11-Oct-24,885.9,894.2,873.6,890,890,"53,116"
10-Oct-24,891.5,896.45,875.1,883.9,883.9,"95,778"
9-Oct-24,882.05,913,863.3,890.6,890.6,"216,871"
8-Oct-24,836.8,896.5,815.15,885.6,885.6,"204,603"
7-Oct-24,860.05,866.75,826,830.55,830.55,"146,742"
4-Oct-24,855.15,883.9,851.35,862.1,862.1,"123,137"
3-Oct-24,864.2,883.8,852.95,860.7,860.7,"147,377"
1-Oct-24,871.55,891.5,862,865.1,865.1,"141,845"
30-Sep-24,892,901,875.55,879.85,879.85,"210,142"
27-Sep-24,878.6,899,878.6,890.35,890.35,"173,361"
26-Sep-24,891.85,891.85,863.05,880,880,"335,908"
25-Sep-24,918.95,935.7,885.55,895.45,895.45,"296,980"
24-Sep-24,890,937,878.5,914.85,914.85,"669,186"
23-Sep-24,892.95,894.45,879.95,888.5,888.5,"63,667"
20-Sep-24,885.45,894.35,870.05,887.05,887.05,"61,541"
19-Sep-24,868,888.5,845.8,881.35,881.35,"121,467"
18-Sep-24,881,899.7,851.95,858.55,858.55,"92,254"
17-Sep-24,883.65,891.95,872.4,880.7,880.7,"69,093"
16-Sep-24,888,919,876.7,881.65,881.65,"223,465"
13-Sep-24,900,909.7,882.55,888,888,"136,909"
12-Sep-24,887.9,900.15,872,895.45,895.45,"85,709"
11-Sep-24,901.25,912,878,882.2,882.2,"134,869"
10-Sep-24,881.8,904.4,880.35,899.6,899.6,"185,328"
9-Sep-24,886.75,917.7,874.85,881.8,881.8,"487,451"
6-Sep-24,900,917.75,882.4,885.4,885.4,"249,722"
5-Sep-24,875.4,924,871.05,899.85,899.85,"793,717"
4-Sep-24,867,899.9,864.1,877.95,877.95,"295,107"
3-Sep-24,855,879,853.2,876.05,876.05,"249,602"
2-Sep-24,856,881.8,830,855.75,855.75,"909,609"
30-Aug-24,802,840,802,835.15,835.15,"134,910"
29-Aug-24,800,845,797,801.9,801.9,"455,191"
28-Aug-24,818.1,824.5,803.2,810.4,810.4,"108,375"
27-Aug-24,830,832,804.05,813.65,813.65,"95,918"
26-Aug-24,800.05,828.95,794.05,824.35,824.35,"138,853"
23-Aug-24,792.85,804.95,789.55,796.85,796.85,"68,445"
22-Aug-24,774.45,797.9,774.45,794.45,794.45,"127,491"
21-Aug-24,767.55,776,763.2,774.2,774.2,"29,565"
20-Aug-24,778.95,780.1,765,767.55,767.55,"93,597"
19-Aug-24,820,820,765.45,776.15,776.15,"171,543"
16-Aug-24,763.5,793.3,763.5,780.35,780.35,"79,607"
14-Aug-24,776.7,782.9,761,766.45,766.45,"31,190"
13-Aug-24,790.55,797.45,770,772.35,772.35,"64,068"
12-Aug-24,787.1,798.85,775,789.05,789.05,"39,531"
9-Aug-24,794.15,815.15,782.1,786,786,"25,343"
8-Aug-24,800,806.7,783.5,789.3,789.3,"37,211"
7-Aug-24,788.75,809.4,779.95,801.75,801.75,"49,138"
6-Aug-24,795,817,775.1,778.05,778.05,"83,463"
5-Aug-24,801,819.5,791.55,802.4,802.4,"96,805"
2-Aug-24,829.95,838.8,815.4,822.7,822.7,"46,544"
1-Aug-24,843.05,849.35,829.15,833.05,833.05,"41,233"
31-Jul-24,852,861.45,840.1,843.55,843.55,"42,375"
30-Jul-24,831,869.4,831,852.25,852.25,"471,077"
29-Jul-24,840.5,856,823.15,826.3,826.3,"99,208"
26-Jul-24,825,840.35,811.05,835.15,835.15,"147,972"
25-Jul-24,843.55,845.15,824.05,828.1,828.1,"92,199"
24-Jul-24,815,865.35,798.25,857.6,857.6,"301,747"
23-Jul-24,824,824,784.75,805.55,805.55,"104,663"
22-Jul-24,765,826,753.65,811.8,811.8,"687,490"
19-Jul-24,765.05,777.4,754.05,765.45,765.45,"98,778"
18-Jul-24,784.4,784.4,760.25,770.35,770.35,"314,896"
16-Jul-24,795.9,803.8,772,780.65,780.65,"285,248"
15-Jul-24,824.25,832.8,783,792.05,792.05,"291,088"
12-Jul-24,838,840.4,820.55,822.2,822.2,"50,860"
11-Jul-24,843,853.65,831.5,836.25,836.25,"40,285"
10-Jul-24,843,850.5,831.05,841.45,841.45,"47,928"
9-Jul-24,848.75,864.7,840,842.9,842.9,"178,361"
8-Jul-24,861.15,870,841.65,844.7,844.7,"47,827"
5-Jul-24,852.5,858,844,849.75,849.75,"53,904"
4-Jul-24,855,858,841.95,851.5,851.5,"219,912"
3-Jul-24,850.6,862,846.65,857.75,857.75,"85,578"
2-Jul-24,869,909.9,842,849,849,"1,064,844"
1-Jul-24,804.45,874.9,803.25,861.35,861.35,"263,497"
28-Jun-24,807.45,820,800.1,803.35,803.35,"56,614"
27-Jun-24,814.05,832,801.4,806.95,806.95,"81,814"
26-Jun-24,830.55,833.95,809.2,813.95,813.95,"56,675"
25-Jun-24,848.9,848.9,825.55,830.5,830.5,"52,473"
24-Jun-24,848.8,870,834.5,842.15,842.15,"221,720"
21-Jun-24,829.7,854.6,803,835.35,835.35,"487,169"
20-Jun-24,802.45,830.35,800.5,823.25,823.25,"87,303"
19-Jun-24,814,820,796.85,802.45,802.45,"246,927"
18-Jun-24,830,843.95,808.9,818.25,818.25,"145,098"
14-Jun-24,830,864.8,819.9,826.4,826.4,"376,544"
13-Jun-24,844,854.5,823.15,825.2,825.2,"76,681"
12-Jun-24,839.8,857.95,835.4,841.25,841.25,"62,123"
11-Jun-24,839,862,831.1,839.9,839.9,"170,727"
10-Jun-24,832,849.85,810,839.45,839.45,"239,973"
7-Jun-24,778.45,827,776.9,821.35,821.35,"233,425"
6-Jun-24,770.35,791,767.55,778.45,778.45,"120,070"
5-Jun-24,762.85,774.95,723.8,770.35,770.35,"99,979"
4-Jun-24,790,798.95,670,747.8,747.8,"327,289"
3-Jun-24,818,818,752.95,784.65,784.65,"280,914"
31-May-24,765,799,764.95,784.4,784.4,"699,286"
30-May-24,770,770,754,759.9,759.9,"89,888"
29-May-24,766,777.95,755.25,765.15,765.15,"288,493"
28-May-24,779.45,785.45,760.15,765.75,765.75,"84,822"
27-May-24,770.9,785.5,766.1,777.65,777.65,"113,573"
24-May-24,769,788.95,763.05,770.9,770.9,"165,265"
23-May-24,767.45,782.6,767.45,779.75,779.75,"85,589"
22-May-24,770,779.65,759.05,767.45,767.45,"110,404"
21-May-24,786,799,762,767.1,767.1,"209,910"
17-May-24,790,797.1,781.25,785.15,785.15,"162,676"
16-May-24,781.9,798.2,767.6,789.2,789.2,"311,006"
15-May-24,789,789,741.05,778.9,778.9,"1,382,994"
14-May-24,829.85,851.45,777,788.55,788.55,"1,123,548"
13-May-24,833.85,842.55,806,812.55,812.55,"201,891"
10-May-24,830.55,849.8,800.05,832.15,832.15,"222,108"
9-May-24,867,874.1,822.25,829.35,829.35,"132,384"
8-May-24,875.3,885.95,862,868.45,868.45,"84,651"
7-May-24,862.1,918.05,856.25,877.5,877.5,"1,049,660"
6-May-24,873.75,879.1,851.15,862.7,862.7,"61,962"
3-May-24,890.95,892,858.95,868.1,868.1,"84,205"
2-May-24,873.4,892.75,851,879.6,879.6,"122,020"
30-Apr-24,873.8,879.4,861,864.9,864.9,"60,833"
29-Apr-24,886.8,892.6,866.3,871.45,871.45,"83,083"
26-Apr-24,898.65,901.35,865,883.8,883.8,"126,212"
25-Apr-24,879.4,930.35,879.35,894.15,894.15,"193,701"
24-Apr-24,883.55,894,876.1,883.9,883.9,"155,766"
23-Apr-24,896.45,896.45,870.05,886.75,886.75,"118,889"
22-Apr-24,886.5,900.9,868.75,887.55,887.55,"210,645"
19-Apr-24,830,887.7,813,879.65,879.65,"688,087"
18-Apr-24,850.25,853.15,832.6,845.75,845.75,"184,406"
16-Apr-24,854.35,862.8,843,850.25,850.25,"94,410"
15-Apr-24,856,865.2,831.4,858.8,858.8,"223,028"
12-Apr-24,866,884.5,856.65,875.75,875.75,"213,672"
10-Apr-24,856.5,862.6,842.55,859.65,859.65,"94,420"
9-Apr-24,855.3,859,846,850.55,850.55,"71,928"
8-Apr-24,855.5,863.9,845.35,855.3,855.3,"94,293"
5-Apr-24,849.9,861,843,850.9,850.9,"241,701"
4-Apr-24,875.7,879.5,845,848.35,848.35,"390,109"
3-Apr-24,878.5,885.95,862.85,871.55,871.55,"304,616"
2-Apr-24,895.65,899.7,875.55,877.75,877.75,"180,312"
1-Apr-24,900.75,917.15,882.05,901.4,901.4,"449,616"
28-Mar-24,875.05,958,875.05,883.3,883.3,"3,035,993"
27-Mar-24,868.8,910.45,806.9,871.75,871.75,"993,361"
26-Mar-24,818,895.4,811.15,868.8,868.8,"1,150,022"
22-Mar-24,815.05,831.65,809.4,819.1,819.1,"612,128"
21-Mar-24,790.1,832.2,790.1,823.45,823.45,"1,115,264"
20-Mar-24,743.5,798.4,742.35,794.4,794.4,"1,449,745"
19-Mar-24,742,749.9,730,743.5,743.5,"77,176"
18-Mar-24,737.35,746.75,725.05,738,738,"125,077"
15-Mar-24,719.95,759,702.75,735.25,735.25,"2,257,194"
14-Mar-24,681.05,725.15,681.05,716.35,716.35,"388,067"
13-Mar-24,734.3,755,705.45,725.15,725.15,"486,848"
12-Mar-24,750.85,766.55,720,741.95,741.95,"447,739"
11-Mar-24,756.8,760.55,719.6,743.4,743.4,"451,243"
7-Mar-24,765,789.75,750.6,753.5,753.5,"225,295"
6-Mar-24,799.6,802.25,763,765.25,765.25,"241,310"
5-Mar-24,818.35,820.15,786,795.3,795.3,"182,679"
4-Mar-24,826.6,834.95,803.25,812.6,812.6,"154,407"
1-Mar-24,818.35,822.4,790,797.65,797.65,"288,145"
29-Feb-24,819.05,827.65,792.95,810.5,810.5,"408,948"
28-Feb-24,849.7,849.7,811.35,819.75,819.75,"238,183"
27-Feb-24,854,865,838.3,840.15,840.15,"241,613"
26-Feb-24,867.35,875.05,846.05,849.85,849.85,"290,780"
23-Feb-24,850.25,868.8,835,862.8,862.8,"184,680"
22-Feb-24,838.8,860,815.1,847.8,847.8,"178,255"
21-Feb-24,846,860.7,825,829.7,829.7,"262,127"
20-Feb-24,841.35,891.75,830,838.1,838.1,"923,159"
19-Feb-24,864.9,877,834,839,839,"239,912"
16-Feb-24,845,865,841.25,858.35,858.35,"231,168"
15-Feb-24,835.7,873.7,832.25,839.45,839.45,"467,917"
14-Feb-24,823,839,807.4,833.15,833.15,"136,223"
13-Feb-24,806,849,804.9,831.2,831.2,"407,629"
12-Feb-24,819,836.85,798,817.35,817.35,"166,316"
9-Feb-24,805,839,803.35,819.15,819.15,"594,983"
8-Feb-24,809.5,830.35,796,800.9,800.9,"254,962"
7-Feb-24,812,816.6,794.6,806.7,806.7,"182,547"
6-Feb-24,782.85,818,782.85,807,807,"370,532"
5-Feb-24,794.65,801.9,778,782.8,782.8,"218,420"
2-Feb-24,764.7,793.3,762.15,786.6,786.6,"471,759"
1-Feb-24,780.9,789.2,754.3,761.15,761.15,"103,464"
31-Jan-24,749.25,785,749.2,777.1,777.1,"356,266"
30-Jan-24,759.9,763,725.05,753.75,753.75,"346,812"
29-Jan-24,765,768.15,750.1,757.2,757.2,"241,577"
25-Jan-24,765,794.85,755.05,761.9,761.9,"801,418"
24-Jan-24,757,763,722.65,747.3,747.3,"247,442"
23-Jan-24,734,775,728.05,752.05,752.05,"698,762"
19-Jan-24,728,738.45,713.8,717.2,717.2,"204,728"
18-Jan-24,726,740,715.2,719.45,719.45,"302,603"
17-Jan-24,719.15,730.55,710,724.35,724.35,"129,102"
16-Jan-24,743.7,743.7,716.75,719.15,719.15,"173,877"
15-Jan-24,755,759.25,732.75,740.15,740.15,"178,215"
12-Jan-24,752.2,762.4,746.35,749.1,749.1,"183,719"
11-Jan-24,734.75,754.05,728.55,749.2,749.2,"315,690"
10-Jan-24,730,769,726.2,735.75,735.75,"938,119"
9-Jan-24,717.9,739.25,706.5,724.65,724.65,"461,956"
8-Jan-24,690,715,677.15,705.7,705.7,"755,792"
5-Jan-24,683.25,690,678.15,685.05,685.05,"104,880"
4-Jan-24,679.75,693.5,678.05,679.85,679.85,"149,681"
3-Jan-24,677.8,682.05,671.3,677.85,677.85,"88,637"
2-Jan-24,692.6,692.6,674,677.8,677.8,"260,946"
1-Jan-24,699,700.9,684.15,687.75,687.75,"188,557"
29-Dec-23,675.85,718.2,670,696.45,696.45,"1,730,148"
28-Dec-23,662,684.5,647.4,679,679,"369,700"
27-Dec-23,654.95,669.55,644.65,659.2,659.2,"143,891"
26-Dec-23,653.25,668.95,645.1,649.85,649.85,"165,644"
22-Dec-23,652,674,646.35,653.25,653.25,"158,220"
21-Dec-23,636,664.35,628.55,649.6,649.6,"379,721"
20-Dec-23,671,676.75,641.1,653,653,"226,179"
19-Dec-23,669.4,677.85,660.6,668.55,668.55,"165,772"
18-Dec-23,670,675,660.7,669.4,669.4,"245,769"
15-Dec-23,642.1,686.7,636.5,677.25,677.25,"764,487"
14-Dec-23,645,660.9,638.9,642.5,642.5,"476,235"
13-Dec-23,624.8,646.4,622.4,642.6,642.6,"2,031,110"
12-Dec-23,589.9,620.8,587.15,614.6,614.6,"2,198,805"
11-Dec-23,583,590.85,577,589.55,589.55,"888,267"
8-Dec-23,594,594,578.1,583,583,"139,305"
7-Dec-23,593.9,594.75,578.6,590.5,590.5,"169,777"
6-Dec-23,572.3,594.9,570.1,589.6,589.6,"401,381"
5-Dec-23,579.85,580,561.05,569.4,569.4,"331,126"
4-Dec-23,588.1,598.8,574.1,578.55,578.55,"242,472"
1-Dec-23,588,594,575.1,584.6,584.6,"323,445"
30-Nov-23,588.5,591.2,581.35,589.75,589.75,"160,098"
29-Nov-23,592.9,592.9,581.1,585.6,585.6,"65,558"
28-Nov-23,591.9,598.5,587,588.35,588.35,"135,833"
24-Nov-23,585.15,590,581.05,587.9,587.9,"39,276"
23-Nov-23,583.9,589.95,578,585,585,"57,074"
22-Nov-23,601.65,606.05,578.05,582.2,582.2,"130,699"
21-Nov-23,606.65,612,590.35,597,597,"122,470"
20-Nov-23,586.75,604.4,585.65,601.9,601.9,"86,947"
17-Nov-23,603.8,604.8,582.15,586.75,586.75,"117,041"
16-Nov-23,598.9,607.9,595.8,602.35,602.35,"280,968"
15-Nov-23,602.3,603.65,592,596.85,596.85,"69,231"
13-Nov-23,584.3,599.4,580.35,595.7,595.7,"125,033"
10-Nov-23,588,594,582,584.3,584.3,"85,755"
9-Nov-23,582.55,594.4,578.1,588.45,588.45,"80,877"
8-Nov-23,577.9,587.5,576.45,580.05,580.05,"124,769"
7-Nov-23,584,588,571.7,577,577,"109,835"
6-Nov-23,585.75,586.5,576.5,582.05,582.05,"147,663"
3-Nov-23,572.05,584,568.6,581.1,581.1,"236,308"
2-Nov-23,566.3,584.8,560.65,570.55,570.55,"414,131"
1-Nov-23,545,569.8,545,558.45,558.45,"258,192"
31-Oct-23,550.95,558.95,536.85,547.65,547.65,"97,568"
30-Oct-23,561.7,563.8,546,549.85,549.85,"150,541"
27-Oct-23,561.05,570,555.2,562.5,562.5,"198,076"
26-Oct-23,574,575,542.55,557.25,557.25,"488,379"
25-Oct-23,572.8,584,535.1,559.7,559.7,"157,133"
23-Oct-23,584.35,587.9,555.35,563.2,563.2,"79,840"
20-Oct-23,581.3,588.65,573.85,582.15,582.15,"59,302"
19-Oct-23,586.85,587.4,579,581.3,581.3,"58,901"
18-Oct-23,599,600,585.3,588.05,588.05,"88,752"
17-Oct-23,595,607,590.4,598.9,598.9,"93,526"
16-Oct-23,597.55,598.95,587.3,592.3,592.3,"64,180"
13-Oct-23,603.5,604.95,593.1,595.55,595.55,"105,669"
12-Oct-23,605,612,601,607.8,607.8,"115,230"
11-Oct-23,604,620,601.5,605.7,605.7,"185,098"
10-Oct-23,596.9,605,589.65,599.6,599.6,"80,930"
9-Oct-23,599,604.35,585,589.7,589.7,"320,928"
6-Oct-23,592.1,621,589,609.05,609.05,"669,974"
5-Oct-23,584.8,600,580.2,593.3,593.3,"258,350"
4-Oct-23,569.9,583.6,567.15,577.65,577.65,"203,233"
3-Oct-23,557.05,597,557.05,566.9,566.9,"1,142,864"
29-Sep-23,551.5,562.4,544.95,557.45,557.45,"269,861"
28-Sep-23,549.9,556.25,544.2,550.3,550.3,"125,609"
27-Sep-23,558.9,564.55,546.3,548.55,548.55,"209,578"
26-Sep-23,546.45,560.5,541.2,557.05,557.05,"224,054"
25-Sep-23,550,552.7,544,546.45,546.45,"105,113"
22-Sep-23,540.4,551.7,540.4,549.25,549.25,"108,748"
21-Sep-23,549.5,551.7,537.05,540.4,540.4,"65,702"
20-Sep-23,561,568.15,546.65,549.95,549.95,"218,709"
18-Sep-23,561.95,572,552,561.35,561.35,"129,380"
15-Sep-23,566.85,573.65,557.05,559.95,559.95,"106,076"
14-Sep-23,562.5,567.1,557.85,564.15,564.15,"40,993"
13-Sep-23,567.35,574.9,557,560,560,"74,404"
12-Sep-23,578.6,581.15,563,567.45,567.45,"265,790"
11-Sep-23,567,580.8,566.95,574.8,574.8,"225,504"
8-Sep-23,548,568,546.7,565.3,565.3,"295,073"
7-Sep-23,541.9,547.35,534,546.1,546.1,"175,056"
6-Sep-23,531.9,544.65,528.25,539.3,539.3,"333,612"
5-Sep-23,536,541.2,526.4,529.45,529.45,"220,488"
4-Sep-23,552,559.95,530.15,535.6,535.6,"149,648"
1-Sep-23,550,551.75,537.15,540.75,540.75,"133,675"
31-Aug-23,553.5,555,536,551.2,551.2,"247,866"
30-Aug-23,526.7,544,524,541.75,541.75,"269,596"
29-Aug-23,526.4,528.3,521.6,523.65,523.65,"51,855"
28-Aug-23,524.4,527.75,506.9,523.95,523.95,"123,804"
25-Aug-23,523.5,528.95,512.8,522.55,522.55,"106,687"
24-Aug-23,523.5,533.95,517.4,523.3,523.3,"193,410"
23-Aug-23,534.8,534.8,516.1,520.95,520.95,"237,962"
22-Aug-23,503.3,535,498.9,528.65,528.65,"625,976"
21-Aug-23,492,507.45,491.05,503.3,503.3,"260,970"
18-Aug-23,483.35,494,483,490.45,490.45,"104,303"
17-Aug-23,479.85,490.6,479.1,482.2,482.2,"523,364"
16-Aug-23,485.5,490.75,477,479.9,479.9,"120,497"
14-Aug-23,492,499.8,478.9,484.4,484.4,"192,667"
11-Aug-23,486.3,503,485.05,492.2,492.2,"274,650"
10-Aug-23,511,511,482.25,484.3,484.3,"414,363"
9-Aug-23,480.7,511,479.95,507.95,507.95,"448,130"
8-Aug-23,475,486,475,478.8,478.8,"103,553"
7-Aug-23,489.5,492.7,472.05,474.25,474.25,"151,355"
4-Aug-23,471.95,489.85,471.95,486.9,486.9,"117,236"
3-Aug-23,482.5,486,467.8,469.95,469.95,"149,704"
2-Aug-23,483.55,492.15,480,481.7,481.7,"195,277"
1-Aug-23,489.75,492.25,481,482.7,482.7,"93,549"
31-Jul-23,495,495,479,489,489,"502,683"
28-Jul-23,490,490,471.5,475.1,475.1,"169,943"
27-Jul-23,468.45,497,468.4,488.75,488.75,"453,470"
26-Jul-23,470.25,474.7,461.35,466,466,"114,041"
25-Jul-23,465.7,472,463.25,470.3,470.3,"78,185"
24-Jul-23,462.95,467.6,451.1,465,465,"113,182"
21-Jul-23,456.9,470.3,454.55,458.8,458.8,"168,530"
20-Jul-23,460.25,462.8,446.3,457.85,457.85,"97,313"
19-Jul-23,468.9,470,457.35,461.3,461.3,"85,001"
18-Jul-23,461.55,468.95,454,466.7,466.7,"400,533"
17-Jul-23,452.25,462,450.85,459.65,459.65,"135,820"
14-Jul-23,453.1,457.45,446.85,452.3,452.3,"142,228"
13-Jul-23,460,461.9,453.6,456.55,456.55,"452,960"
12-Jul-23,453.8,460,448,458.55,458.55,"1,055,581"
11-Jul-23,450.6,463,448,449.35,449.35,"469,037"
10-Jul-23,452,461.9,442.2,450.55,450.55,"204,559"
7-Jul-23,440.1,452.5,437,449.85,449.85,"192,668"
6-Jul-23,443.95,448,440.3,442.7,442.7,"125,200"
5-Jul-23,438.4,444,435.5,443.3,443.3,"106,733"
4-Jul-23,444,445.8,431.25,434.25,434.25,"210,982"
3-Jul-23,433,442,430.5,441.3,441.3,"274,185"
30-Jun-23,429.5,437.6,427.15,429.1,429.1,"304,617"
28-Jun-23,421.9,435,421.5,427.15,427.15,"453,570"
27-Jun-23,416.05,425.8,415.6,420,420,"150,875"
26-Jun-23,411.95,421.9,407.4,414.95,414.95,"187,903"
23-Jun-23,411.95,412.65,401.55,407.35,407.35,"209,254"
22-Jun-23,416.95,421.85,408.35,410.2,410.2,"81,655"
21-Jun-23,421.8,424.9,412.55,419.05,419.05,"98,301"
20-Jun-23,420,426.1,417.35,420.2,420.2,"109,503"
19-Jun-23,429.55,432.95,416.35,418.65,418.65,"294,653"
16-Jun-23,421.3,429.85,419.05,427.9,427.9,"52,974"
15-Jun-23,430,432.2,420.1,421.3,421.3,"155,502"
14-Jun-23,431.2,434.6,428,430.5,430.5,"50,295"
13-Jun-23,427.5,433,424.8,430.95,430.95,"41,992"
12-Jun-23,431,436.85,423.1,427.55,427.55,"121,743"
9-Jun-23,437.4,439.95,430.4,433.15,433.15,"76,605"
8-Jun-23,440.05,442.65,433.05,437.4,437.4,"76,134"
7-Jun-23,434.8,443.95,433.3,441.75,441.75,"118,339"
6-Jun-23,440,446.65,432.1,433.7,433.7,"166,576"
5-Jun-23,437,444.35,433.2,437.05,437.05,"102,663"
2-Jun-23,434.05,441.2,431.65,436,436,"122,323"
1-Jun-23,434.9,440.9,430.65,433.45,433.45,"191,158"
31-May-23,424.1,439.6,424.05,433.2,433.2,"320,288"
30-May-23,425,428,421,424.4,424.4,"82,582"
29-May-23,433.65,433.65,421.85,423.9,423.9,"122,883"
26-May-23,432.55,438.7,430,430.65,430.65,"141,869"
25-May-23,421,450,420,432.55,432.55,"1,585,965"
24-May-23,425,435.95,417,419.9,419.9,"165,752"
23-May-23,433.7,436.7,422.1,423.9,423.9,"112,310"
22-May-23,429.6,437.4,427.05,433.3,433.3,"80,231"
19-May-23,430.3,436,422.05,429.8,429.8,"158,307"
18-May-23,428.25,438,425.55,430.75,430.75,"282,702"
17-May-23,414.9,430.65,414,427.4,427.4,"263,056"
16-May-23,425.55,431.2,412.65,414.9,414.9,"527,983"
15-May-23,418.3,432.4,418.3,423.6,423.6,"553,551"
12-May-23,402.8,426.15,401.05,417.45,417.45,"1,387,167"
11-May-23,402,408,398.9,403.55,403.55,"342,058"
10-May-23,399.85,404.95,388.05,401.1,401.1,"583,110"
9-May-23,389.95,405.7,381,393.1,393.1,"1,063,453"
8-May-23,379.95,401,378.1,388.3,388.3,"709,682"
5-May-23,380.9,384.15,376.05,377.95,377.95,"90,705"
4-May-23,385.95,389.8,379.5,380.75,380.75,"157,581"
3-May-23,384.4,391,380.1,385.25,385.25,"213,447"
2-May-23,386,395,382.5,384.15,384.15,"269,532"
28-Apr-23,373.9,385,373.85,384.1,384.1,"399,754"
27-Apr-23,373.25,379.95,371.15,372.55,372.55,"138,462"
26-Apr-23,372,382,371.75,372.95,372.95,"164,711"
25-Apr-23,372.9,378.65,370.05,371.8,371.8,"82,776"
24-Apr-23,373.8,379,370.5,371.75,371.75,"337,444"
21-Apr-23,369.1,380.8,369.1,372.2,372.2,"567,035"
20-Apr-23,369,383,366.5,368.7,368.7,"366,132"
19-Apr-23,368,372.5,364,367.65,367.65,"100,543"
18-Apr-23,362.8,372.9,362.75,365,365,"297,322"
17-Apr-23,360.9,368.3,358.35,363.9,363.9,"1,434,641"
13-Apr-23,359.75,364.5,356.2,361.15,361.15,"63,855"
12-Apr-23,358.8,361.9,356.1,359.75,359.75,"74,027"
11-Apr-23,364,366.9,356.1,358.7,358.7,"173,418"
10-Apr-23,362.9,365.45,360.25,363.45,363.45,"39,747"
6-Apr-23,362.8,367.35,360.15,362.35,362.35,"44,996"
5-Apr-23,362.5,364.45,361.05,363.75,363.75,"46,588"
3-Apr-23,363.15,365.95,360.45,362.65,362.65,"49,160"
31-Mar-23,360.1,365.5,358,363.15,363.15,"61,973"
29-Mar-23,358.05,362.7,357.15,359.55,359.55,"190,389"
28-Mar-23,364.45,364.45,357,360.05,360.05,"115,555"
27-Mar-23,365,369.5,358,360.85,360.85,"136,091"
24-Mar-23,362.4,375,358.3,361.15,361.15,"69,133"
23-Mar-23,365.9,372,359.05,360.55,360.55,"108,046"
22-Mar-23,363.1,366.45,357.05,362.2,362.2,"45,851"
21-Mar-23,365.35,372.25,361.55,362.5,362.5,"93,591"
20-Mar-23,364.9,370.2,362,365.15,365.15,"74,303"
17-Mar-23,364.95,376.2,364.9,366.3,366.3,"276,057"
16-Mar-23,363.2,367.6,360.65,363.55,363.55,"82,861"
15-Mar-23,369.75,372.65,363.1,366.55,366.55,"52,240"
14-Mar-23,373.75,377.3,365,369.05,369.05,"468,374"
13-Mar-23,377.9,382,370.4,372.7,372.7,"89,715"
10-Mar-23,371,379.9,365.55,376.15,376.15,"245,677"
9-Mar-23,366,376.9,364.05,372.55,372.55,"84,429"
8-Mar-23,362.5,368.5,361.2,366.55,366.55,"59,947"
6-Mar-23,365,366.4,361.05,364.25,364.25,"28,218"
3-Mar-23,364.7,366.95,359.2,360.8,360.8,"41,672"
2-Mar-23,361.8,369.4,361.8,364.7,364.7,"19,339"
1-Mar-23,367.05,370,363.15,364.5,364.5,"45,357"
28-Feb-23,364.15,378.95,364.15,366.7,366.7,"164,348"
27-Feb-23,362,371,349,364.15,364.15,"216,459"
24-Feb-23,364.9,367.7,361,363.2,363.2,"87,612"
23-Feb-23,364.4,369.25,362.7,364.55,364.55,"159,163"
22-Feb-23,371,373.55,360.6,362.95,362.95,"152,901"
21-Feb-23,364,387.55,362.3,372.1,372.1,"631,352"
20-Feb-23,365,372,360.6,363.5,363.5,"66,433"
17-Feb-23,361.4,366.85,360.5,362.75,362.75,"335,810"
16-Feb-23,366,371.3,361.55,363.2,363.2,"39,597"
15-Feb-23,366,369.45,356.2,364.85,364.85,"57,880"
14-Feb-23,367.2,368.5,360.5,364.45,364.45,"50,784"
13-Feb-23,360,375.45,360,367.2,367.2,"442,756"
10-Feb-23,359.65,374.9,359.5,360.2,360.2,"265,264"
9-Feb-23,360.95,365.35,359.1,361.45,361.45,"31,566"
8-Feb-23,364,365.55,358.05,362.55,362.55,"55,407"
7-Feb-23,363.5,372.1,357.3,362.05,362.05,"100,829"
6-Feb-23,361.85,367.45,360.1,362.75,362.75,"63,554"
3-Feb-23,362.15,366.7,357.65,361.75,361.75,"93,509"
2-Feb-23,350.35,368.5,347.55,363.15,363.15,"195,319"
1-Feb-23,357.65,367,348.8,354.25,354.25,"252,911"
31-Jan-23,354.4,360,351,355.15,355.15,"76,254"
30-Jan-23,349,360,345.45,355.25,355.25,"101,091"
27-Jan-23,359,363,348.5,350.7,350.7,"258,488"
25-Jan-23,360.05,366.9,355.1,357.45,357.45,"1,495,642"
24-Jan-23,342,365,342,357.1,357.1,"1,820,129"
23-Jan-23,340.35,348.35,340,342,342,"446,566"
20-Jan-23,336.85,342.05,335.5,340.15,340.15,"38,824"
19-Jan-23,332.55,339.5,332.55,336.5,336.5,"39,717"
18-Jan-23,337.8,338.45,333,335.9,335.9,"55,245"
17-Jan-23,335.1,342,331.5,338.7,338.7,"109,340"
16-Jan-23,337.95,342.45,333.8,336.35,336.35,"58,011"
13-Jan-23,338.4,342.2,336,337.1,337.1,"32,482"
12-Jan-23,338.9,340,335,339.05,339.05,"60,389"
11-Jan-23,339.25,343.4,333.8,337.35,337.35,"36,778"
10-Jan-23,337.7,341.55,334,339.8,339.8,"37,965"
9-Jan-23,335.85,348.15,335.6,337.7,337.7,"179,277"
6-Jan-23,334,338.4,328.95,334.05,334.05,"77,443"
5-Jan-23,348.7,348.7,327,331.1,331.1,"132,990"
4-Jan-23,352.4,354.2,342.95,345.05,345.05,"24,846"
3-Jan-23,359.6,360,348.15,351.05,351.05,"52,910"
2-Jan-23,349.5,359,345,356.05,356.05,"79,393"
30-Dec-22,345.15,350,344.3,347.55,347.55,"37,597"
29-Dec-22,346,350,337.65,345.15,345.15,"124,629"
28-Dec-22,343.55,352,333.95,347.4,347.4,"426,335"
27-Dec-22,332,338,321.35,330.65,330.65,"173,481"
26-Dec-22,322,333.7,316.55,326.55,326.55,"72,072"
23-Dec-22,323,323.95,313.3,318.55,318.55,"170,045"
22-Dec-22,333,335,318,327.4,327.4,"91,228"
21-Dec-22,349.7,352.75,329.1,332.35,332.35,"235,139"
20-Dec-22,352.1,354.45,345.55,348.1,348.1,"42,198"
19-Dec-22,356.95,360,343.35,355.35,355.35,"63,427"
16-Dec-22,359,360.5,352.05,354.55,354.55,"28,130"
15-Dec-22,356.45,361.95,356,359.35,359.35,"44,546"
14-Dec-22,356.95,360.55,356,356.8,356.8,"34,918"
13-Dec-22,363.45,364.15,354,356.05,356.05,"83,941"
12-Dec-22,359.6,365.75,356.1,361.8,361.8,"47,645"
9-Dec-22,365.75,366.55,357.35,360.3,360.3,"48,043"
8-Dec-22,365.55,368.5,363.3,365.85,365.85,"38,871"
7-Dec-22,359.75,369.5,358.15,366.8,366.8,"94,054"
6-Dec-22,365,367.85,358.05,359.75,359.75,"79,158"
5-Dec-22,369.6,373,364,367.6,367.6,"92,368"
2-Dec-22,368,374.4,365.4,368.05,368.05,"50,415"
1-Dec-22,372.5,376.3,365.4,368.3,368.3,"127,110"
30-Nov-22,361.5,374,355.65,372.4,372.4,"294,190"
29-Nov-22,359.85,363.35,348.85,358.6,358.6,"135,128"
28-Nov-22,359,363.6,356.35,359.85,359.85,"183,785"
25-Nov-22,345.55,368,342,362.1,362.1,"392,223"
24-Nov-22,332.15,353.55,329.3,345.55,345.55,"430,335"
23-Nov-22,333.1,344.95,327.3,330.45,330.45,"61,643"
22-Nov-22,324.6,333,324.6,331.4,331.4,"154,395"
21-Nov-22,319.05,329,319.05,324.6,324.6,"283,851"
18-Nov-22,356.5,357.6,303.95,318.85,318.85,"914,164"
17-Nov-22,365.6,368.5,349.6,354.7,354.7,"192,708"
16-Nov-22,360.3,366,360.3,363.75,363.75,"51,447"
15-Nov-22,365.5,365.95,355,362.8,362.8,"65,237"
14-Nov-22,358,368.85,354.75,364.15,364.15,"83,952"
11-Nov-22,365,369.2,357.35,360.15,360.15,"105,192"
10-Nov-22,364.8,365,357,361.5,361.5,"87,880"
9-Nov-22,367.25,369.9,360.25,364.8,364.8,"103,135"
7-Nov-22,403,404.95,363.2,366.5,366.5,"344,384"
4-Nov-22,369.25,377,366,368.6,368.6,"208,995"
3-Nov-22,363.85,370.8,363,367.55,367.55,"70,880"
2-Nov-22,359.8,377,359.8,367.65,367.65,"236,399"
1-Nov-22,365,366.9,355,359.7,359.7,"73,164"
31-Oct-22,361,370,352.55,365.25,365.25,"179,753"
28-Oct-22,365,365,358.4,362.7,362.7,"63,529"
27-Oct-22,367.4,367.4,349.8,365.15,365.15,"368,136"
25-Oct-22,365.95,372.6,361.6,364.75,364.75,"251,589"
24-Oct-22,386,389,360,364.45,364.45,"171,652"
21-Oct-22,401,401,384,386.6,386.6,"80,324"
20-Oct-22,399.65,404,396.15,399.3,399.3,"98,732"
19-Oct-22,399.65,410,395,404.55,404.55,"474,257"
18-Oct-22,389,399.5,388.05,397.65,397.65,"115,848"
17-Oct-22,383.5,398,374.1,384.7,384.7,"349,310"
14-Oct-22,393.55,395.25,384.15,386.85,386.85,"102,621"
13-Oct-22,392.05,401.5,386.5,390,390,"294,803"
12-Oct-22,385,397,382.1,392.75,392.75,"313,098"
11-Oct-22,384.2,396.4,375.75,386.5,386.5,"558,928"
10-Oct-22,379.4,389.05,376.3,384.2,384.2,"219,625"
7-Oct-22,374.5,387,370.5,382.9,382.9,"380,701"
6-Oct-22,373.2,379.5,366.95,375.3,375.3,"251,327"
4-Oct-22,373.4,379.85,363,372.8,372.8,"456,752"
3-Oct-22,353.25,377,350.1,367,367,"1,175,287"
30-Sep-22,340,357,334.45,353.35,353.35,"317,105"
29-Sep-22,339.5,343.3,336.3,340.1,340.1,"124,219"
28-Sep-22,333.15,342.35,328.05,337.3,337.3,"236,220"
27-Sep-22,328.25,342,323.35,336.2,336.2,"164,805"
26-Sep-22,339,339,320.2,328.7,328.7,"235,280"
23-Sep-22,354,354.75,334,340.2,340.2,"156,968"
22-Sep-22,357.85,359.6,345.65,352.45,352.45,"271,530"
21-Sep-22,343.1,363,342.35,351.6,351.6,"784,114"
20-Sep-22,340.4,356.15,339.75,343.6,343.6,"249,852"
19-Sep-22,336.5,343.8,329,338.4,338.4,"178,373"
16-Sep-22,350.5,351.9,332.5,334.85,334.85,"288,952"
15-Sep-22,341,357,335.5,348.9,348.9,"863,972"
14-Sep-22,328.1,339,326.6,336.6,336.6,"159,091"
13-Sep-22,332,334.9,330.1,330.65,330.65,"73,150"
12-Sep-22,336.5,336.5,331.25,332.8,332.8,"134,419"
9-Sep-22,339.7,340,333.55,335.25,335.25,"168,445"
8-Sep-22,334.7,338.4,332.4,336.85,336.85,"179,539"
7-Sep-22,330.5,337.9,323.4,332.1,332.1,"451,925"
6-Sep-22,331.5,338.85,329.1,331.5,331.5,"133,472"
5-Sep-22,342,344,326.75,330.6,330.6,"628,720"
2-Sep-22,325.9,343.65,324.3,332.1,332.1,"633,095"
1-Sep-22,322.3,327.45,322,324.7,324.7,"65,240"
30-Aug-22,322.25,329,320.55,322.3,322.3,"99,247"
29-Aug-22,321.25,326.75,319,320.1,320.1,"98,423"
26-Aug-22,334.5,335,324.25,326.55,326.55,"137,320"
25-Aug-22,333.8,338.75,325.15,330.55,330.55,"110,756"
24-Aug-22,337,338.7,331.15,332.35,332.35,"94,834"
23-Aug-22,326.6,342,326.6,337.4,337.4,"116,578"
22-Aug-22,335.6,337.8,324.55,329.55,329.55,"165,212"
19-Aug-22,349,349.8,336,336.95,336.95,"175,787"
18-Aug-22,345.5,353.4,342.4,347.9,347.9,"203,441"
17-Aug-22,360,360,337.65,343.9,343.9,"439,177"
16-Aug-22,338,361,336.3,358.95,358.95,"867,693"
12-Aug-22,333,340.5,330.65,335.35,335.35,"276,540"
11-Aug-22,325.95,334.95,324,332.35,332.35,"309,091"
10-Aug-22,318.55,329,318,326.75,326.75,"184,370"
8-Aug-22,326.95,331.5,317.25,319.65,319.65,"171,255"
5-Aug-22,311,328.9,311,325.4,325.4,"261,476"
4-Aug-22,321,321.2,308.05,313.2,313.2,"116,285"
3-Aug-22,316.5,322.7,315.75,320.4,320.4,"150,827"
2-Aug-22,317,318.7,311.1,315.6,315.6,"210,005"
1-Aug-22,317,323.8,314,317.2,317.2,"777,347"
29-Jul-22,337.7,337.7,316,317.85,317.85,"626,073"
28-Jul-22,322.7,329.95,320.85,327.85,327.85,"296,149"
27-Jul-22,315,320.4,313.25,318.45,318.45,"112,391"
26-Jul-22,324.5,324.5,314,315.8,315.8,"110,632"
25-Jul-22,333,333,310.85,323.9,323.9,"395,972"
22-Jul-22,317,327.9,311.15,324.75,324.75,"214,052"
21-Jul-22,317,318.95,313.7,315.95,315.95,"80,235"
20-Jul-22,317.85,328,313.65,317.5,317.5,"230,862"
19-Jul-22,314.4,316.75,311.15,312.4,312.4,"75,684"
18-Jul-22,316,317.5,312.6,314.4,314.4,"100,645"
15-Jul-22,343.95,343.95,313,314.05,314.05,"700,224"
14-Jul-22,318.4,321.5,306.7,318.6,318.6,"210,637"
13-Jul-22,319.95,320,315.65,317.7,317.7,"85,940"
12-Jul-22,324.9,326.2,313,314.45,314.45,"208,236"
11-Jul-22,323.9,328.6,318.65,325.55,325.55,"288,081"
8-Jul-22,339,339.1,323,325.75,325.75,"303,170"
7-Jul-22,331.5,345,328.55,337.1,337.1,"471,604"
6-Jul-22,334.75,336.8,322.15,330.2,330.2,"222,857"
5-Jul-22,338.45,338.85,330.25,333.9,333.9,"449,092"
4-Jul-22,330,339.25,321.5,335.1,335.1,"952,861"
1-Jul-22,314.8,331.8,310.05,327.65,327.65,"866,335"
30-Jun-22,315,320,311.6,314.65,314.65,"412,847"
29-Jun-22,310.1,321,307.55,314.75,314.75,"571,650"
28-Jun-22,308,314.9,301.05,312.05,312.05,"231,356"
27-Jun-22,307.1,313,305.15,307.65,307.65,"235,114"
24-Jun-22,297,307,297,305.05,305.05,"197,020"
23-Jun-22,301.55,303,296.1,298,298,"125,829"
22-Jun-22,297.7,304.5,293.45,299.95,299.95,"87,430"
21-Jun-22,285,305,285,297.6,297.6,"108,216"
20-Jun-22,287.5,290.7,276.7,284.8,284.8,"160,607"
17-Jun-22,290.65,296.95,282.1,288.2,288.2,"194,147"
16-Jun-22,298.5,298.5,286.5,289.95,289.95,"223,155"
15-Jun-22,296.6,297.65,292.65,294.75,294.75,"46,618"
14-Jun-22,289.2,299,288.1,293.85,293.85,"60,237"
13-Jun-22,293.7,302.5,285,294.1,294.1,"130,312"
10-Jun-22,293.95,302,291.8,297.25,297.25,"109,730"
9-Jun-22,298,298,291.1,296.25,296.25,"102,403"
8-Jun-22,296.55,304.9,291.45,298,298,"189,184"
7-Jun-22,286.1,295.8,286.05,293.4,293.4,"132,444"
6-Jun-22,295,296.75,282,290.75,290.75,"236,821"
3-Jun-22,309.9,310.25,293.35,296.75,296.75,"416,323"
2-Jun-22,320.5,323.65,303,308.4,308.4,"665,712"
1-Jun-22,297.5,319.8,296.05,316.45,316.45,"966,430"
31-May-22,296,302.65,292.75,297.05,297.05,"240,265"
30-May-22,293.75,301.55,293.6,297.15,297.15,"145,309"
27-May-22,296.9,299.15,291.3,292.95,292.95,"105,235"
26-May-22,291.2,295,283.35,292.9,292.9,"134,563"
25-May-22,297.8,297.8,288,289.6,289.6,"115,816"
24-May-22,292.8,300.55,290,294.9,294.9,"192,759"
23-May-22,303.9,311.35,289.1,291.3,291.3,"196,929"
20-May-22,294,305.5,287.1,302.3,302.3,"226,958"
19-May-22,286.6,293,285,287.2,287.2,"124,647"
18-May-22,309.3,312,290.2,291.85,291.85,"274,939"
17-May-22,299.95,315,298.75,307.4,307.4,"477,292"
16-May-22,291.95,304,288.5,299.75,299.75,"191,221"
13-May-22,289,296,285.9,289.05,289.05,"200,327"
12-May-22,280.8,291.8,275.3,288.45,288.45,"329,147"
11-May-22,289.95,292.85,281,283.75,283.75,"308,023"
10-May-22,289,298.95,284.1,288.7,288.7,"457,310"
9-May-22,284.4,289.95,281,286.4,286.4,"127,808"
6-May-22,285.6,296.55,279.25,287.55,287.55,"632,168"
5-May-22,299.3,302.8,286.1,288.7,288.7,"176,601"
4-May-22,307.15,309.5,294,296.55,296.55,"320,459"
2-May-22,297.9,310,295.85,305.9,305.9,"455,158"
29-Apr-22,293.7,302.9,289.15,298.75,298.75,"304,355"
28-Apr-22,290,295,284.6,292.05,292.05,"224,021"
27-Apr-22,283.9,294,275.2,287.55,287.55,"135,492"
26-Apr-22,280.95,289,277.25,284.8,284.8,"147,696"
25-Apr-22,285,286,275,278.1,278.1,"106,353"
22-Apr-22,286.95,296.55,282.2,285.85,285.85,"277,713"
21-Apr-22,283.1,292.3,283.1,287.75,287.75,"238,656"
20-Apr-22,287.7,294.2,278,280.55,280.55,"284,897"
19-Apr-22,302.3,306.95,281.5,288.35,288.35,"252,615"
18-Apr-22,307.95,307.95,299,300.9,300.9,"159,445"
13-Apr-22,300.9,313.4,300.9,308.45,308.45,"412,120"
12-Apr-22,305,305.95,296,299.05,299.05,"238,935"
11-Apr-22,311.3,315,302.25,305.65,305.65,"184,042"
8-Apr-22,306.9,312.5,304.95,310,310,"212,587"
7-Apr-22,318.5,318.7,303,305.15,305.15,"477,020"
6-Apr-22,309.35,332.7,309,316.4,316.4,"1,620,798"
5-Apr-22,308.7,318,306.5,309.15,309.15,"548,548"
4-Apr-22,309.85,315,304.55,305.8,305.8,"228,350"
1-Apr-22,304.75,310,299.5,306.9,306.9,"305,742"
31-Mar-22,314.3,316.1,295.55,302.35,302.35,"403,230"
30-Mar-22,318,321.95,306.55,311.2,311.2,"750,573"
29-Mar-22,312,318.95,303,315.4,315.4,"777,855"
28-Mar-22,300.15,318.65,300.15,308.8,308.8,"1,663,070"
25-Mar-22,301.2,316.8,291,298.45,298.45,"1,690,938"
24-Mar-22,303,310.65,295,300,300,"608,315"
23-Mar-22,303.65,313.55,293,305.85,305.85,"2,429,600"
22-Mar-22,271.6,307.9,266.3,303.65,303.65,"4,164,220"
21-Mar-22,270,281,267,269.15,269.15,"240,568"
17-Mar-22,277,279.2,265.1,267.6,267.6,"350,196"
16-Mar-22,269,282.6,269,273.45,273.45,"796,590"
15-Mar-22,268.9,272.15,264.4,266.15,266.15,"163,872"
14-Mar-22,268.4,274,264.55,266.1,266.1,"283,145"
11-Mar-22,265.05,272.4,264.35,265.7,265.7,"343,255"
10-Mar-22,279,279,260.3,262.9,262.9,"362,624"
9-Mar-22,272.9,276,268,270.7,270.7,"486,254"
8-Mar-22,264,269.75,258,265,265,"644,783"
7-Mar-22,254.9,265.25,252.55,256.8,256.8,"640,463"
4-Mar-22,256,271.3,249.2,263.55,263.55,"1,560,306"
3-Mar-22,266.45,287.95,247.55,252.95,252.95,"5,111,706"
2-Mar-22,267.55,272,255.55,258,258,"288,160"
28-Feb-22,255.55,266.9,254.8,262.25,262.25,"215,574"
25-Feb-22,258.15,266.3,254,261.2,261.2,"397,425"
24-Feb-22,250,261,242,246.55,246.55,"923,073"
23-Feb-22,273,282,258,262.15,262.15,"834,098"
22-Feb-22,276.2,280,263,272.45,272.45,"2,057,498"
21-Feb-22,250,302,250,282.75,282.75,"8,572,905"
18-Feb-22,242.9,254.9,242.05,251.85,251.85,"297,167"
17-Feb-22,246.35,256.2,242.3,245.2,245.2,"311,618"
16-Feb-22,244.7,254.5,242.7,246.35,246.35,"209,453"
15-Feb-22,237.75,244,235,242.65,242.65,"168,874"
14-Feb-22,248.6,253.5,232,234.15,234.15,"233,551"
11-Feb-22,251,264.8,251,256.15,256.15,"211,842"
10-Feb-22,259.9,261.2,251.95,254.05,254.05,"150,582"
9-Feb-22,267.9,269.05,257,258.5,258.5,"120,172"
8-Feb-22,265.2,275,256.55,265.15,265.15,"632,864"
7-Feb-22,262,271.35,261.6,265.55,265.55,"426,364"
4-Feb-22,250.75,262.5,247.3,260.3,260.3,"764,905"
3-Feb-22,244.3,256.8,244.3,251.05,251.05,"276,080"
2-Feb-22,251.8,253.95,245.1,246.5,246.5,"149,210"
1-Feb-22,257,258.55,247,249.2,249.2,"499,338"
31-Jan-22,235.25,266,235.25,258.55,258.55,"2,827,363"
28-Jan-22,243.5,244,234,235.4,235.4,"159,982"
27-Jan-22,234.95,245.7,230.75,241,241,"168,137"
25-Jan-22,230.95,238,223.55,234.95,234.95,"126,823"
24-Jan-22,241.05,241.75,223.95,227.95,227.95,"133,676"
21-Jan-22,240,241.9,234,239.15,239.15,"112,014"
20-Jan-22,241.7,244,236.15,238.45,238.45,"93,366"
19-Jan-22,231,241,231,237.7,237.7,"123,371"
18-Jan-22,241.7,244.5,233.1,236.5,236.5,"149,793"
17-Jan-22,241.05,244.7,235.85,238.25,238.25,"104,811"
14-Jan-22,234.4,242,234.4,241.05,241.05,"130,720"
13-Jan-22,243.6,245.85,232.45,235.45,235.45,"207,121"
12-Jan-22,231.95,245.9,230.2,243.6,243.6,"546,751"
11-Jan-22,232,235.95,226.65,231.75,231.75,"145,761"
10-Jan-22,224.1,232,221.9,230.25,230.25,"172,435"
7-Jan-22,222.35,225,217.25,222.75,222.75,"198,791"
6-Jan-22,215.9,225.5,212.8,224.15,224.15,"245,255"
5-Jan-22,218,219.9,215,216,216,"79,603"
4-Jan-22,218.3,225.75,218.05,220.15,220.15,"205,670"
3-Jan-22,214.45,221.6,214.45,218.05,218.05,"107,831"
31-Dec-21,212,217.75,212,215.8,215.8,"90,648"
30-Dec-21,217.95,217.95,211.25,211.9,211.9,"63,740"
29-Dec-21,223.4,224.4,215.75,217.2,217.2,"66,155"
28-Dec-21,211.25,223.25,211.25,221.15,221.15,"195,214"
27-Dec-21,217.85,217.9,211.05,212.9,212.9,"81,421"
24-Dec-21,222.1,222.55,217,218.05,218.05,"64,921"
23-Dec-21,221.55,224.6,214,222.1,222.1,"261,586"
22-Dec-21,225.5,230,220,221.55,221.55,"111,071"
21-Dec-21,221,227.5,217.5,223,223,"130,983"
20-Dec-21,223,224.95,217.25,220.3,220.3,"472,585"
17-Dec-21,239,239,219.5,230.35,230.35,"212,479"
16-Dec-21,238,239.25,226.5,232.25,232.25,"136,069"
15-Dec-21,247,247,235,236.3,236.3,"286,826"
14-Dec-21,239.8,239.8,232.75,234.8,234.8,"138,987"
13-Dec-21,238,245,237.65,239.5,239.5,"158,007"
10-Dec-21,239,242.75,236.55,238.65,238.65,"168,324"
9-Dec-21,238,242,236.15,241.15,241.15,"286,197"
8-Dec-21,234.5,242.7,232.5,233.85,233.85,"478,819"
7-Dec-21,227,235.55,227,232.2,232.2,"362,175"
6-Dec-21,231.15,233.85,225,225.6,225.6,"223,451"
3-Dec-21,227.1,239,227,230.85,230.85,"799,151"
2-Dec-21,230.5,234.15,227.8,228.9,228.9,"243,779"
1-Dec-21,235,238,227,233.75,233.75,"522,090"
30-Nov-21,239.3,250,226.15,237.85,237.85,"1,620,100"
29-Nov-21,232.05,242,220,236.7,236.7,"1,568,270"
26-Nov-21,279,279,239.2,244,244,"1,486,592"
25-Nov-21,271.4,292.8,269.2,284.95,284.95,"1,287,721"
24-Nov-21,272.5,277,267.5,271.5,271.5,"278,833"
23-Nov-21,253,280,253,274.75,274.75,"543,674"
22-Nov-21,272.9,273.95,250.5,252.55,252.55,"359,492"
18-Nov-21,274.5,274.7,262.25,267.55,267.55,"237,069"
17-Nov-21,270.5,282,270.5,272.65,272.65,"438,584"
16-Nov-21,288.85,288.85,266.6,269.25,269.25,"521,952"
15-Nov-21,285,290,276.75,281.65,281.65,"859,572"
12-Nov-21,258.9,287,258.7,278.85,278.85,"1,165,399"
11-Nov-21,260,264,254.75,257.4,257.4,"213,307"
10-Nov-21,258.95,262.55,255.15,259.35,259.35,"315,499"
9-Nov-21,263.9,266.85,254,258.95,258.95,"655,572"
8-Nov-21,254,274.8,249.25,263.2,263.2,"2,968,748"
4-Nov-21,243.45,248,242.55,247.1,247.1,"67,950"
3-Nov-21,245.7,248.3,239.35,241.8,241.8,"174,767"
2-Nov-21,246.25,258,242.25,244.2,244.2,"621,732"
1-Nov-21,238.8,248.2,236.55,246.25,246.25,"298,954"
29-Oct-21,236,243.95,226.35,235.95,235.95,"521,084"
28-Oct-21,246,246.2,232.55,241.85,241.85,"264,177"
27-Oct-21,240.35,244.9,238.25,242.35,242.35,"124,868"
26-Oct-21,236.7,243.5,235,238.25,238.25,"138,482"
25-Oct-21,239.35,241.85,229.55,236.45,236.45,"234,751"
22-Oct-21,247.85,251.25,235.8,237.6,237.6,"215,447"
21-Oct-21,246,252.3,242,245.05,245.05,"212,993"
20-Oct-21,250.35,252.4,231.7,243.55,243.55,"469,420"
19-Oct-21,264.85,269.3,246.25,248.75,248.75,"408,006"
18-Oct-21,259.8,269.5,246,263.05,263.05,"977,187"
14-Oct-21,244.85,256.4,244,253.95,253.95,"667,131"
13-Oct-21,249.8,250.3,241.6,242.95,242.95,"396,326"
12-Oct-21,248.9,254.95,246,248.1,248.1,"474,613"
11-Oct-21,241.75,250,240.75,248.4,248.4,"772,516"
8-Oct-21,242.2,260.7,237.65,240.7,240.7,"1,733,941"
7-Oct-21,234,242,234,240.05,240.05,"1,097,608"
6-Oct-21,240.95,244.7,228.5,231,231,"548,702"
5-Oct-21,238.9,245,236,240.95,240.95,"277,595"
4-Oct-21,231.4,251.9,223.55,238.85,238.85,"751,367"
1-Oct-21,239.7,239.7,227.5,229.8,229.8,"338,671"
30-Sep-21,239.7,244.2,234.05,239.9,239.9,"451,305"
29-Sep-21,232,244.9,230.15,238.2,238.2,"494,176"
28-Sep-21,241.8,249,230.6,235.65,235.65,"2,862,425"
27-Sep-21,223,255.6,218.1,239.35,239.35,"9,860,855"
24-Sep-21,209.5,218.85,202.75,216.55,216.55,"2,506,751"
23-Sep-21,204.9,208.15,203,206.1,206.1,"2,010,217"
22-Sep-21,191,203,186.8,200.25,200.25,"4,499,682"
21-Sep-21,187.9,190.5,184,188.1,188.1,"904,651"
20-Sep-21,178,199,177.9,183.5,183.5,"2,178,583"
17-Sep-21,186,189,178.3,180.1,180.1,"271,695"
16-Sep-21,182.9,185.8,182,184.9,184.9,"213,571"
15-Sep-21,185,186.35,181.1,181.7,181.7,"122,947"
14-Sep-21,185.15,188.15,184,184.9,184.9,"294,671"
13-Sep-21,186.5,190.65,185,186.55,186.55,"617,679"
9-Sep-21,179,192.85,179,186.1,186.1,"4,316,587"
8-Sep-21,173.35,179.4,173.05,175.3,175.3,"88,707"
7-Sep-21,176.85,179,172.85,174.7,174.7,"87,808"
6-Sep-21,179.5,181.8,173.5,176.75,176.75,"189,687"
3-Sep-21,177.65,179.75,175,178.55,178.55,"275,469"
2-Sep-21,170.75,178.45,170.75,176.85,176.85,"449,298"
1-Sep-21,172.2,174,168,171.6,171.6,"121,866"
31-Aug-21,166.8,175.9,165.7,170.9,170.9,"455,881"
30-Aug-21,163.65,170,163.65,167.7,167.7,"118,661"
27-Aug-21,165.65,166.5,163.2,163.75,163.75,"45,119"
26-Aug-21,163.5,168,160.75,165.65,165.65,"89,416"
25-Aug-21,166.9,167.95,164,164.45,164.45,"45,970"
24-Aug-21,163.3,164.8,160,163.25,163.25,"221,534"
23-Aug-21,166.2,168.45,160,161.6,161.6,"76,981"
20-Aug-21,170.1,170.1,165,165.55,165.55,"85,619"
18-Aug-21,172,173.5,169.05,172,172,"65,473"
17-Aug-21,171.9,173,167.35,171.75,171.75,"116,856"
16-Aug-21,170,173.8,168.9,171.7,171.7,"97,058"
13-Aug-21,175.95,175.95,170,171.25,171.25,"73,047"
12-Aug-21,166.95,177.9,166.95,175.25,175.25,"777,871"
11-Aug-21,163.95,166,159.05,163.8,163.8,"362,145"
10-Aug-21,172.5,173.7,162.6,163.95,163.95,"143,239"
9-Aug-21,168.65,172.3,168.5,169.45,169.45,"79,264"
6-Aug-21,169,172.4,167.1,168.25,168.25,"133,889"
5-Aug-21,173.95,173.95,166.4,169.1,169.1,"133,600"
4-Aug-21,176.3,178.35,170.9,171.9,171.9,"125,102"
3-Aug-21,175.4,178.35,174.25,174.65,174.65,"117,120"
2-Aug-21,180.5,180.5,175.5,176.8,176.8,"107,284"
30-Jul-21,177.75,180.55,176,177.05,177.05,"147,203"
29-Jul-21,176.75,180.5,175.8,177.75,177.75,"181,597"
28-Jul-21,178,178.4,172.25,175.35,175.35,"187,181"
27-Jul-21,182.35,183.7,175.2,177.05,177.05,"238,225"
26-Jul-21,171.1,185.8,170.5,182.7,182.7,"915,896"
23-Jul-21,174,175.85,170.2,171,171,"239,498"
22-Jul-21,174.1,178,171,172.8,172.8,"172,368"
20-Jul-21,177.5,177.5,171.5,173.45,173.45,"241,160"
19-Jul-21,180.8,180.8,176,178.05,178.05,"433,751"
16-Jul-21,184.9,187,180.55,182.4,182.4,"229,977"
15-Jul-21,188.65,190.8,184,184.9,184.9,"248,875"
14-Jul-21,188.9,192.3,186.6,187.7,187.7,"513,772"
13-Jul-21,189.2,194.85,187.85,188.85,188.85,"529,487"
12-Jul-21,187.4,193.7,186.4,187.5,187.5,"279,142"
9-Jul-21,189.4,190.5,184.75,185.3,185.3,"360,417"
8-Jul-21,191.25,194.2,185.1,188.25,188.25,"391,034"
7-Jul-21,189.95,194.95,187.5,190.5,190.5,"565,191"
6-Jul-21,191.15,199,188,189.75,189.75,"1,480,758"
5-Jul-21,180.6,197.4,179.15,189.9,189.9,"2,714,667"
2-Jul-21,176.55,179.75,176.1,178.5,178.5,"137,278"
1-Jul-21,178.45,178.45,174.4,176.8,176.8,"61,796"
30-Jun-21,180.05,180.7,176,177.2,177.2,"66,793"
29-Jun-21,182.6,183.55,178,179.3,179.3,"121,112"
28-Jun-21,182,182.95,177.7,180.1,180.1,"128,998"
25-Jun-21,178.9,184,176.25,181,181,"766,217"
24-Jun-21,180,180.6,177,177.4,177.4,"76,688"
23-Jun-21,182.65,183.5,179,179.8,179.8,"92,834"
22-Jun-21,179.3,183.95,178.3,181.1,181.1,"152,641"
21-Jun-21,172.8,179,172.8,177.2,177.2,"144,805"
18-Jun-21,182.7,183.75,173.25,179.15,179.15,"179,723"
17-Jun-21,179,183.75,179,180.9,180.9,"138,469"
16-Jun-21,184,185.8,179.85,181.85,181.85,"143,974"
15-Jun-21,178.5,188.75,178.5,183.35,183.35,"321,017"
14-Jun-21,182.4,182.4,175.85,180,180,"132,029"
11-Jun-21,185.5,185.9,181.45,182.25,182.25,"149,323"
10-Jun-21,182,189,180,184.8,184.8,"451,067"
9-Jun-21,181.8,184.95,175,177.35,177.35,"238,566"
8-Jun-21,187.9,188.2,180.3,181.5,181.5,"416,997"
7-Jun-21,192.95,196,187,187.65,187.65,"503,727"
4-Jun-21,188.3,195.5,187.25,191.55,191.55,"1,125,720"
3-Jun-21,184,191.6,183.5,187.45,187.45,"744,429"
2-Jun-21,172.9,191.8,171.1,183.9,183.9,"1,821,291"
1-Jun-21,176.5,179.35,172.25,173.25,173.25,"248,983"
31-May-21,179.7,184.8,172.65,176.5,176.5,"841,132"
28-May-21,176.45,180.5,173.4,178.45,178.45,"460,742"
27-May-21,172.5,177.85,172.4,175.5,175.5,"465,915"
26-May-21,170,174.95,170,171.55,171.55,"455,028"
25-May-21,164.3,173.1,163.85,169.05,169.05,"1,164,748"
24-May-21,159,164.9,158.4,163,163,"488,427"
21-May-21,156.6,158.05,155.5,156.35,156.35,"133,944"
20-May-21,156.5,163.7,153.55,155.35,155.35,"416,238"
19-May-21,152.1,158.4,151,157.2,157.2,"584,698"
18-May-21,149.8,160.9,148,157,157,"695,327"
17-May-21,149.5,149.5,146.5,148.35,148.35,"70,066"
14-May-21,149.5,149.5,145.8,147.5,147.5,"65,097"
12-May-21,150,151.5,148,149,149,"161,659"
11-May-21,145.45,150.8,144.65,149.1,149.1,"167,028"
10-May-21,144.1,149.85,144,146.4,146.4,"257,926"
7-May-21,142.4,145.4,142.4,144.1,144.1,"63,969"
6-May-21,141.6,145.9,139.05,143.5,143.5,"122,997"
5-May-21,141.3,143.75,139.3,139.95,139.95,"67,573"
4-May-21,142.9,143.8,140.45,142.25,142.25,"51,217"
3-May-21,143.2,143.5,139.5,140.5,140.5,"83,025"
30-Apr-21,141.05,145.8,139.8,143.2,143.2,"75,405"
29-Apr-21,146.85,146.85,140.05,141.8,141.8,"64,097"
28-Apr-21,148.5,149.9,144.05,145.05,145.05,"119,982"
27-Apr-21,143.8,147.85,143.75,146.95,146.95,"157,814"
26-Apr-21,144.3,146.95,142.7,143.8,143.8,"231,360"
23-Apr-21,142.8,145.75,140.9,144.3,144.3,"95,571"
22-Apr-21,135.3,144.85,135.3,142.65,142.65,"239,620"
20-Apr-21,134.15,147.9,134.15,141.35,141.35,"432,672"
19-Apr-21,129.7,151.9,122.65,133.8,133.8,"410,896"
16-Apr-21,137.2,141.4,133,134.4,134.4,"231,647"
15-Apr-21,135,139.3,133,136.45,136.45,"197,299"
13-Apr-21,137.05,138.5,136,136.95,136.95,"161,833"
12-Apr-21,143.35,144.8,136.7,137.75,137.75,"289,899"
9-Apr-21,150.05,150.05,147.1,148,148,"145,128"
8-Apr-21,149.25,151.85,148.25,149.2,149.2,"118,249"
7-Apr-21,152.35,152.35,148.45,150.45,150.45,"182,958"
6-Apr-21,149.05,152.75,148.85,151.7,151.7,"108,052"
5-Apr-21,152.7,152.7,146.1,149.95,149.95,"282,686"
1-Apr-21,148.5,155,147.3,152.7,152.7,"175,959"
31-Mar-21,152,153.25,145.7,146.3,146.3,"667,141"
30-Mar-21,153.85,154.1,147.15,149.5,149.5,"184,358"
26-Mar-21,155.05,158.2,151,152.3,152.3,"123,716"
25-Mar-21,160.9,161,154,155.05,155.05,"180,065"
24-Mar-21,159.85,160.9,156.65,160.1,160.1,"160,385"
23-Mar-21,159.9,161.2,157.2,158.75,158.75,"102,342"
22-Mar-21,157.25,158.1,155.2,156.3,156.3,"123,045"
19-Mar-21,156.5,163.5,152.7,158.65,158.65,"263,581"
18-Mar-21,165,168.4,155.1,159.35,159.35,"291,151"
17-Mar-21,168.8,168.8,164,164.5,164.5,"103,700"
16-Mar-21,170.75,171.15,167.05,167.7,167.7,"136,285"
15-Mar-21,172.8,174.9,166.65,169.9,169.9,"157,435"
12-Mar-21,178,180,170.5,171.9,171.9,"282,077"
10-Mar-21,179,182.4,175,176.7,176.7,"202,856"
9-Mar-21,183.3,184,176.5,178.25,178.25,"182,940"
8-Mar-21,176.9,185.85,176.85,181.85,181.85,"574,320"
5-Mar-21,181.9,184.5,175,175.9,175.9,"378,598"
4-Mar-21,173.8,186.9,172.3,180.9,180.9,"1,220,871"
3-Mar-21,170.85,178,168,173.85,173.85,"344,747"
2-Mar-21,169.7,171.45,168.1,169.45,169.45,"108,890"
1-Mar-21,166.4,169.5,166,167.85,167.85,"126,736"
26-Feb-21,166,168.5,162.6,166.05,166.05,"616,708"
25-Feb-21,168.7,170,165.45,166.1,166.1,"777,907"
24-Feb-21,168.85,182.1,166,167.85,167.85,"149,030"
23-Feb-21,168.6,170.8,166.55,167.1,167.1,"830,611"
22-Feb-21,171.75,173.9,162.65,167.75,167.75,"814,814"
19-Feb-21,173.25,174.45,172.25,172.95,172.95,"113,956"
18-Feb-21,172.55,174.1,172.2,172.55,172.55,"71,716"
17-Feb-21,172.05,173.9,171.5,172,172,"83,385"
16-Feb-21,176,177.25,172.3,173,173,"91,762"
15-Feb-21,180.7,180.7,176.25,176.95,176.95,"165,755"
12-Feb-21,171,181.2,170.05,175.25,175.25,"262,751"
11-Feb-21,170.5,173.1,167.75,169.6,169.6,"156,836"
10-Feb-21,170,173.5,169.6,170.35,170.35,"209,583"
9-Feb-21,179.8,179.8,171.75,174.35,174.35,"149,773"
8-Feb-21,180.95,181.1,177.4,178.35,178.35,"184,894"
5-Feb-21,173.95,181.95,173,179.35,179.35,"474,545"
4-Feb-21,172.65,174.25,171.65,172.75,172.75,"135,885"
3-Feb-21,174.8,174.8,171.55,172.65,172.65,"102,490"
2-Feb-21,172.95,175.75,172.2,173.65,173.65,"131,249"
1-Feb-21,173.7,174.5,169.4,171.45,171.45,"114,325"
29-Jan-21,174,175.55,170,171.4,171.4,"114,038"
28-Jan-21,163.95,172.6,162.05,170.45,170.45,"209,908"
27-Jan-21,165,166.5,161.3,163.35,163.35,"158,378"
25-Jan-21,168.05,171.95,161.6,163.15,163.15,"195,182"
22-Jan-21,173.85,173.85,167,167.85,167.85,"199,102"
21-Jan-21,176,176.35,172.05,172.95,172.95,"199,930"
20-Jan-21,176.4,176.4,173.1,173.55,173.55,"119,304"
19-Jan-21,173.9,177,173.85,175.1,175.1,"134,683"
18-Jan-21,177.25,178.4,171,172.55,172.55,"190,883"
15-Jan-21,181.45,181.45,178,178.4,178.4,"108,253"
14-Jan-21,182.5,182.5,179,179.7,179.7,"125,366"
13-Jan-21,181.7,183.45,180.2,180.9,180.9,"206,932"
12-Jan-21,182.8,182.8,180,180.35,180.35,"189,497"
11-Jan-21,185.8,185.85,180.75,181.95,181.95,"255,308"
8-Jan-21,186.35,189,182,182.9,182.9,"317,345"
